Time[s], Channel 0, Channel 1, Channel 2, MIC DATA, LRCLK, buzzer, LED, Channel 7
0.000000000000000, 1, 1, 1, 1, 1, 1, 1, 1
0.084013250000000, 1, 1, 1, 1, 1, 1, 0, 1
0.086015812500000, 1, 1, 1, 1, 1, 1, 1, 1
0.101922500000000, 1, 1, 1, 1, 1, 1, 0, 1
0.103936000000000, 1, 1, 1, 1, 1, 1, 1, 1
0.105906187500000, 1, 1, 1, 1, 1, 1, 0, 1
0.107914125000000, 1, 1, 1, 1, 1, 1, 1, 1
0.117849187500000, 1, 1, 1, 1, 1, 1, 0, 1
0.119850250000000, 1, 1, 1, 1, 1, 1, 1, 1
0.121831000000000, 1, 1, 1, 1, 1, 1, 0, 1
0.125828875000000, 1, 1, 1, 1, 1, 1, 1, 1
0.127799375000000, 1, 1, 1, 1, 1, 1, 0, 1
0.129801312500000, 1, 1, 1, 1, 1, 1, 1, 1
0.145708187500000, 1, 1, 1, 1, 1, 1, 0, 1
0.147729937500000, 1, 1, 1, 1, 1, 1, 1, 1
0.149691562500000, 1, 1, 1, 1, 1, 1, 0, 1
0.153684062500000, 1, 1, 1, 1, 1, 1, 1, 1
0.157654375000000, 1, 1, 1, 1, 1, 1, 0, 1
0.159654562500000, 1, 1, 1, 1, 1, 1, 1, 1
0.161634625000000, 1, 1, 1, 1, 1, 1, 0, 1
0.163635250000000, 1, 1, 1, 1, 1, 1, 1, 1
0.165617500000000, 1, 1, 1, 1, 1, 1, 0, 1
0.169614437500000, 1, 1, 1, 1, 1, 1, 1, 1
0.171753875000000, 1, 1, 1, 1, 1, 1, 0, 1
0.175578500000000, 1, 1, 1, 1, 1, 1, 1, 1
0.177556625000000, 1, 1, 1, 1, 1, 1, 0, 1
0.179557750000000, 1, 1, 1, 1, 1, 1, 1, 1
0.181537375000000, 1, 1, 1, 1, 1, 1, 0, 1
0.183539250000000, 1, 1, 1, 1, 1, 1, 1, 1
0.187510000000000, 1, 1, 1, 1, 1, 1, 0, 1
0.191619187500000, 1, 1, 1, 1, 1, 1, 1, 1
0.193477437500000, 1, 1, 1, 1, 1, 1, 0, 1
0.195480000000000, 1, 1, 1, 1, 1, 1, 1, 1
0.205420687500000, 1, 1, 1, 1, 1, 1, 0, 1
0.207421125000000, 1, 1, 1, 1, 1, 1, 1, 1
0.209402437500000, 1, 1, 1, 1, 1, 1, 0, 1
0.213399500000000, 1, 1, 1, 1, 1, 1, 1, 1
0.215370312500000, 1, 1, 1, 1, 1, 1, 0, 1
0.219362625000000, 1, 1, 1, 1, 1, 1, 1, 1
0.237262875000000, 1, 1, 1, 1, 1, 1, 0, 1
0.239265375000000, 1, 1, 1, 1, 1, 1, 1, 1
0.249205812500000, 1, 1, 1, 1, 1, 1, 0, 1
0.251206562500000, 1, 1, 1, 1, 1, 1, 1, 1
0.303502875000000, 1, 1, 1, 1, 1, 1, 0, 1
0.305507625000000, 1, 1, 1, 1, 1, 1, 1, 1
0.315459125000000, 1, 1, 1, 1, 1, 1, 0, 1
0.317464500000000, 1, 1, 1, 1, 1, 1, 1, 1
0.325423437500000, 1, 1, 1, 1, 1, 1, 0, 1
0.329421812500000, 1, 1, 1, 1, 1, 1, 1, 1
0.341367375000000, 1, 1, 1, 1, 1, 1, 0, 1
0.345367375000000, 1, 1, 1, 1, 1, 1, 1, 1
0.347343812500000, 1, 1, 1, 1, 1, 1, 0, 1
0.349351437500000, 1, 1, 1, 1, 1, 1, 1, 1
0.365281312500000, 1, 1, 1, 1, 1, 1, 0, 1
0.367288375000000, 1, 1, 1, 1, 1, 1, 1, 1
0.369266937500000, 1, 1, 1, 1, 1, 1, 0, 1
0.373266562500000, 1, 1, 1, 1, 1, 1, 1, 1
0.377238250000000, 1, 1, 1, 1, 1, 1, 0, 1
0.379247187500000, 1, 1, 1, 1, 1, 1, 1, 1
0.381224000000000, 1, 1, 1, 1, 1, 1, 0, 1
0.383234812500000, 1, 1, 1, 1, 1, 1, 1, 1
0.391190625000000, 1, 1, 1, 1, 1, 1, 0, 1
0.395189000000000, 1, 1, 1, 1, 1, 1, 1, 1
0.397167250000000, 1, 1, 1, 1, 1, 1, 0, 1
0.399176937500000, 1, 1, 1, 1, 1, 1, 1, 1
0.401154875000000, 1, 1, 1, 1, 1, 1, 0, 1
0.403164000000000, 1, 1, 1, 1, 1, 1, 1, 1
0.407132125000000, 1, 1, 1, 1, 1, 1, 0, 1
0.411132562500000, 1, 1, 1, 1, 1, 1, 1, 1
0.413113312500000, 1, 1, 1, 1, 1, 1, 0, 1
0.415119812500000, 1, 1, 1, 1, 1, 1, 1, 1
0.431047937500000, 1, 1, 1, 1, 1, 1, 0, 1
0.433055750000000, 1, 1, 1, 1, 1, 1, 1, 1
0.435034187500000, 1, 1, 1, 1, 1, 1, 0, 1
0.439034187500000, 1, 1, 1, 1, 1, 1, 1, 1
0.444998562500000, 1, 1, 1, 1, 1, 1, 0, 1
0.448998250000000, 1, 1, 1, 1, 1, 1, 1, 1
0.456955312500000, 1, 1, 1, 1, 1, 1, 0, 1
0.458966250000000, 1, 1, 1, 1, 1, 1, 1, 1
0.474892562500000, 1, 1, 1, 1, 1, 1, 0, 1
0.476899500000000, 1, 1, 1, 1, 1, 1, 1, 1
0.732709437500000, 1, 1, 1, 1, 1, 1, 0, 1
0.734711562500000, 1, 1, 1, 1, 1, 1, 1, 1
0.750622750000000, 1, 1, 1, 1, 1, 1, 0, 1
0.752631312500000, 1, 1, 1, 1, 1, 1, 1, 1
0.754601375000000, 1, 1, 1, 1, 1, 1, 0, 1
0.756604312500000, 1, 1, 1, 1, 1, 1, 1, 1
0.766544500000000, 1, 1, 1, 1, 1, 1, 0, 1
0.768545437500000, 1, 1, 1, 1, 1, 1, 1, 1
0.770527000000000, 1, 1, 1, 1, 1, 1, 0, 1
0.774529437500000, 1, 1, 1, 1, 1, 1, 1, 1
0.776494312500000, 1, 1, 1, 1, 1, 1, 0, 1
0.778497062500000, 1, 1, 1, 1, 1, 1, 1, 1
0.794403625000000, 1, 1, 1, 1, 1, 1, 0, 1
0.796423000000000, 1, 1, 1, 1, 1, 1, 1, 1
0.798395062500000, 1, 1, 1, 1, 1, 1, 0, 1
0.802379375000000, 1, 1, 1, 1, 1, 1, 1, 1
0.806349750000000, 1, 1, 1, 1, 1, 1, 0, 1
0.808351000000000, 1, 1, 1, 1, 1, 1, 1, 1
0.810330375000000, 1, 1, 1, 1, 1, 1, 0, 1
0.812331187500000, 1, 1, 1, 1, 1, 1, 1, 1
0.814312312500000, 1, 1, 1, 1, 1, 1, 0, 1
0.818347687500000, 1, 1, 1, 1, 1, 1, 1, 1
0.820279812500000, 1, 1, 1, 1, 1, 1, 0, 1
0.824272687500000, 1, 1, 1, 1, 1, 1, 1, 1
0.826255687500000, 1, 1, 1, 1, 1, 1, 0, 1
0.828252812500000, 1, 1, 1, 1, 1, 1, 1, 1
0.830232375000000, 1, 1, 1, 1, 1, 1, 0, 1
0.832233187500000, 1, 1, 1, 1, 1, 1, 1, 1
0.836209875000000, 1, 1, 1, 1, 1, 1, 0, 1
0.840202187500000, 1, 1, 1, 1, 1, 1, 1, 1
0.842172937500000, 1, 1, 1, 1, 1, 1, 0, 1
0.844175375000000, 1, 1, 1, 1, 1, 1, 1, 1
0.854116062500000, 1, 1, 1, 1, 1, 1, 0, 1
0.856116937500000, 1, 1, 1, 1, 1, 1, 1, 1
0.858097687500000, 1, 1, 1, 1, 1, 1, 0, 1
0.862095562500000, 1, 1, 1, 1, 1, 1, 1, 1
0.864071937500000, 1, 1, 1, 1, 1, 1, 0, 1
0.868067312500000, 1, 1, 1, 1, 1, 1, 1, 1
0.885958125000000, 1, 1, 1, 1, 1, 1, 0, 1
0.887960625000000, 1, 1, 1, 1, 1, 1, 1, 1
0.897901437500000, 1, 1, 1, 1, 1, 1, 0, 1
0.899901937500000, 1, 1, 1, 1, 1, 1, 1, 1
0.942287562500000, 1, 1, 1, 1, 1, 1, 0, 1
0.944293812500000, 1, 1, 1, 1, 1, 1, 1, 1
0.954244125000000, 1, 1, 1, 1, 1, 1, 0, 1
0.956251125000000, 1, 1, 1, 1, 1, 1, 1, 1
0.964208437500000, 1, 1, 1, 1, 1, 1, 0, 1
0.968208875000000, 1, 1, 1, 1, 1, 1, 1, 1
0.980155562500000, 1, 1, 1, 1, 1, 1, 0, 1
0.984154562500000, 1, 1, 1, 1, 1, 1, 1, 1
0.986131187500000, 1, 1, 1, 1, 1, 1, 0, 1
0.988138750000000, 1, 1, 1, 1, 1, 1, 1, 1
1.004067687500000, 1, 1, 1, 1, 1, 1, 0, 1
1.006075625000000, 1, 1, 1, 1, 1, 1, 1, 1
1.008054437500000, 1, 1, 1, 1, 1, 1, 0, 1
1.012054312500000, 1, 1, 1, 1, 1, 1, 1, 1
1.016025625000000, 1, 1, 1, 1, 1, 1, 0, 1
1.018033062500000, 1, 1, 1, 1, 1, 1, 1, 1
1.020013250000000, 1, 1, 1, 1, 1, 1, 0, 1
1.022020312500000, 1, 1, 1, 1, 1, 1, 1, 1
1.029979125000000, 1, 1, 1, 1, 1, 1, 0, 1
1.033976250000000, 1, 1, 1, 1, 1, 1, 1, 1
1.035954375000000, 1, 1, 1, 1, 1, 1, 0, 1
1.037961875000000, 1, 1, 1, 1, 1, 1, 1, 1
1.039942375000000, 1, 1, 1, 1, 1, 1, 0, 1
1.041949750000000, 1, 1, 1, 1, 1, 1, 1, 1
1.045919125000000, 1, 1, 1, 1, 1, 1, 0, 1
1.049919625000000, 1, 1, 1, 1, 1, 1, 1, 1
1.051901187500000, 1, 1, 1, 1, 1, 1, 0, 1
1.053907312500000, 1, 1, 1, 1, 1, 1, 1, 1
1.069835562500000, 1, 1, 1, 1, 1, 1, 0, 1
1.071842750000000, 1, 1, 1, 1, 1, 1, 1, 1
1.073823437500000, 1, 1, 1, 1, 1, 1, 0, 1
1.077821812500000, 1, 1, 1, 1, 1, 1, 1, 1
1.083785312500000, 1, 1, 1, 1, 1, 1, 0, 1
1.087785125000000, 1, 1, 1, 1, 1, 1, 1, 1
1.095743375000000, 1, 1, 1, 1, 1, 1, 0, 1
1.097751000000000, 1, 1, 1, 1, 1, 1, 1, 1
1.113681250000000, 1, 1, 1, 1, 1, 1, 0, 1
1.115687625000000, 1, 1, 1, 1, 1, 1, 1, 1
1.373490812500000, 1, 1, 1, 1, 1, 1, 0, 1
1.375493312500000, 1, 1, 1, 1, 1, 1, 1, 1
1.391400000000000, 1, 1, 1, 1, 1, 1, 0, 1
1.393413125000000, 1, 1, 1, 1, 1, 1, 1, 1
1.395393187500000, 1, 1, 1, 1, 1, 1, 0, 1
1.397386187500000, 1, 1, 1, 1, 1, 1, 1, 1
1.407327062500000, 1, 1, 1, 1, 1, 1, 0, 1
1.409327250000000, 1, 1, 1, 1, 1, 1, 1, 1
1.411308437500000, 1, 1, 1, 1, 1, 1, 0, 1
1.415306187500000, 1, 1, 1, 1, 1, 1, 1, 1
1.417276562500000, 1, 1, 1, 1, 1, 1, 0, 1
1.419278687500000, 1, 1, 1, 1, 1, 1, 1, 1
1.435185250000000, 1, 1, 1, 1, 1, 1, 0, 1
1.437199187500000, 1, 1, 1, 1, 1, 1, 1, 1
1.439169312500000, 1, 1, 1, 1, 1, 1, 0, 1
1.443162812500000, 1, 1, 1, 1, 1, 1, 1, 1
1.447131437500000, 1, 1, 1, 1, 1, 1, 0, 1
1.449132187500000, 1, 1, 1, 1, 1, 1, 1, 1
1.451112250000000, 1, 1, 1, 1, 1, 1, 0, 1
1.453112687500000, 1, 1, 1, 1, 1, 1, 1, 1
1.455094750000000, 1, 1, 1, 1, 1, 1, 0, 1
1.459102000000000, 1, 1, 1, 1, 1, 1, 1, 1
1.461062500000000, 1, 1, 1, 1, 1, 1, 0, 1
1.465054875000000, 1, 1, 1, 1, 1, 1, 1, 1
1.467037000000000, 1, 1, 1, 1, 1, 1, 0, 1
1.469035250000000, 1, 1, 1, 1, 1, 1, 1, 1
1.471014687500000, 1, 1, 1, 1, 1, 1, 0, 1
1.473015562500000, 1, 1, 1, 1, 1, 1, 1, 1
1.476987437500000, 1, 1, 1, 1, 1, 1, 0, 1
1.480984375000000, 1, 1, 1, 1, 1, 1, 1, 1
1.482954937500000, 1, 1, 1, 1, 1, 1, 0, 1
1.484957187500000, 1, 1, 1, 1, 1, 1, 1, 1
1.494904875000000, 1, 1, 1, 1, 1, 1, 0, 1
1.496908437500000, 1, 1, 1, 1, 1, 1, 1, 1
1.498884312500000, 1, 1, 1, 1, 1, 1, 0, 1
1.502877312500000, 1, 1, 1, 1, 1, 1, 1, 1
1.504848312500000, 1, 1, 1, 1, 1, 1, 0, 1
1.508840312500000, 1, 1, 1, 1, 1, 1, 1, 1
1.526740812500000, 1, 1, 1, 1, 1, 1, 0, 1
1.528742812500000, 1, 1, 1, 1, 1, 1, 1, 1
1.538684062500000, 1, 1, 1, 1, 1, 1, 0, 1
1.540684937500000, 1, 1, 1, 1, 1, 1, 1, 1
1.589660312500000, 1, 1, 1, 1, 1, 1, 0, 1
1.591664437500000, 1, 1, 1, 1, 1, 1, 1, 1
1.601615437500000, 1, 1, 1, 1, 1, 1, 0, 1
1.603623187500000, 1, 1, 1, 1, 1, 1, 1, 1
1.611580937500000, 1, 1, 1, 1, 1, 1, 0, 1
1.615579812500000, 1, 1, 1, 1, 1, 1, 1, 1
1.627524875000000, 1, 1, 1, 1, 1, 1, 0, 1
1.631523562500000, 1, 1, 1, 1, 1, 1, 1, 1
1.633503875000000, 1, 1, 1, 1, 1, 1, 0, 1
1.635508687500000, 1, 1, 1, 1, 1, 1, 1, 1
1.651438375000000, 1, 1, 1, 1, 1, 1, 0, 1
1.653446500000000, 1, 1, 1, 1, 1, 1, 1, 1
1.655423812500000, 1, 1, 1, 1, 1, 1, 0, 1
1.659425875000000, 1, 1, 1, 1, 1, 1, 1, 1
1.663396250000000, 1, 1, 1, 1, 1, 1, 0, 1
1.665403312500000, 1, 1, 1, 1, 1, 1, 1, 1
1.667383000000000, 1, 1, 1, 1, 1, 1, 0, 1
1.669389062500000, 1, 1, 1, 1, 1, 1, 1, 1
1.677346875000000, 1, 1, 1, 1, 1, 1, 0, 1
1.681346750000000, 1, 1, 1, 1, 1, 1, 1, 1
1.683325750000000, 1, 1, 1, 1, 1, 1, 0, 1
1.685332437500000, 1, 1, 1, 1, 1, 1, 1, 1
1.687310812500000, 1, 1, 1, 1, 1, 1, 0, 1
1.689318500000000, 1, 1, 1, 1, 1, 1, 1, 1
1.693289750000000, 1, 1, 1, 1, 1, 1, 0, 1
1.697291062500000, 1, 1, 1, 1, 1, 1, 1, 1
1.699271250000000, 1, 1, 1, 1, 1, 1, 0, 1
1.701278625000000, 1, 1, 1, 1, 1, 1, 1, 1
1.717205562500000, 1, 1, 1, 1, 1, 1, 0, 1
1.719212687500000, 1, 1, 1, 1, 1, 1, 1, 1
1.721190812500000, 1, 1, 1, 1, 1, 1, 0, 1
1.725192250000000, 1, 1, 1, 1, 1, 1, 1, 1
1.731157812500000, 1, 1, 1, 1, 1, 1, 0, 1
1.735156875000000, 1, 1, 1, 1, 1, 1, 1, 1
1.743115125000000, 1, 1, 1, 1, 1, 1, 0, 1
1.745120625000000, 1, 1, 1, 1, 1, 1, 1, 1
1.761052437500000, 1, 1, 1, 1, 1, 1, 0, 1
1.763059312500000, 1, 1, 1, 1, 1, 1, 1, 1
2.014894250000000, 1, 1, 1, 1, 1, 1, 0, 1
2.016896312500000, 1, 1, 1, 1, 1, 1, 1, 1
2.032808312500000, 1, 1, 1, 1, 1, 1, 0, 1
2.034816062500000, 1, 1, 1, 1, 1, 1, 1, 1
2.036787000000000, 1, 1, 1, 1, 1, 1, 0, 1
2.038792437500000, 1, 1, 1, 1, 1, 1, 1, 1
2.048729812500000, 1, 1, 1, 1, 1, 1, 0, 1
2.050731062500000, 1, 1, 1, 1, 1, 1, 1, 1
2.052711750000000, 1, 1, 1, 1, 1, 1, 0, 1
2.056709187500000, 1, 1, 1, 1, 1, 1, 1, 1
2.058679687500000, 1, 1, 1, 1, 1, 1, 0, 1
2.060682000000000, 1, 1, 1, 1, 1, 1, 1, 1
2.076588250000000, 1, 1, 1, 1, 1, 1, 0, 1
2.078610812500000, 1, 1, 1, 1, 1, 1, 1, 1
2.080572125000000, 1, 1, 1, 1, 1, 1, 0, 1
2.084564500000000, 1, 1, 1, 1, 1, 1, 1, 1
2.088534812500000, 1, 1, 1, 1, 1, 1, 0, 1
2.090535875000000, 1, 1, 1, 1, 1, 1, 1, 1
2.092515312500000, 1, 1, 1, 1, 1, 1, 0, 1
2.094516125000000, 1, 1, 1, 1, 1, 1, 1, 1
2.096497125000000, 1, 1, 1, 1, 1, 1, 0, 1
2.100494812500000, 1, 1, 1, 1, 1, 1, 1, 1
2.102465375000000, 1, 1, 1, 1, 1, 1, 0, 1
2.106457812500000, 1, 1, 1, 1, 1, 1, 1, 1
2.108437375000000, 1, 1, 1, 1, 1, 1, 0, 1
2.110444375000000, 1, 1, 1, 1, 1, 1, 1, 1
2.112424250000000, 1, 1, 1, 1, 1, 1, 0, 1
2.114418875000000, 1, 1, 1, 1, 1, 1, 1, 1
2.118390312500000, 1, 1, 1, 1, 1, 1, 0, 1
2.122387062500000, 1, 1, 1, 1, 1, 1, 1, 1
2.124358875000000, 1, 1, 1, 1, 1, 1, 0, 1
2.126360000000000, 1, 1, 1, 1, 1, 1, 1, 1
2.136301375000000, 1, 1, 1, 1, 1, 1, 0, 1
2.138301500000000, 1, 1, 1, 1, 1, 1, 1, 1
2.140283375000000, 1, 1, 1, 1, 1, 1, 0, 1
2.144279875000000, 1, 1, 1, 1, 1, 1, 1, 1
2.146250937500000, 1, 1, 1, 1, 1, 1, 0, 1
2.150243812500000, 1, 1, 1, 1, 1, 1, 1, 1
2.168143625000000, 1, 1, 1, 1, 1, 1, 0, 1
2.170145812500000, 1, 1, 1, 1, 1, 1, 1, 1
2.180086812500000, 1, 1, 1, 1, 1, 1, 0, 1
2.182087500000000, 1, 1, 1, 1, 1, 1, 1, 1
2.228444375000000, 1, 1, 1, 1, 1, 1, 0, 1
2.230454937500000, 1, 1, 1, 1, 1, 1, 1, 1
2.240404312500000, 1, 1, 1, 1, 1, 1, 0, 1
2.242409875000000, 1, 1, 1, 1, 1, 1, 1, 1
2.250369375000000, 1, 1, 1, 1, 1, 1, 0, 1
2.254367812500000, 1, 1, 1, 1, 1, 1, 1, 1
2.266312062500000, 1, 1, 1, 1, 1, 1, 0, 1
2.270310375000000, 1, 1, 1, 1, 1, 1, 1, 1
2.272290437500000, 1, 1, 1, 1, 1, 1, 0, 1
2.274296250000000, 1, 1, 1, 1, 1, 1, 1, 1
2.290225187500000, 1, 1, 1, 1, 1, 1, 0, 1
2.292233375000000, 1, 1, 1, 1, 1, 1, 1, 1
2.294211500000000, 1, 1, 1, 1, 1, 1, 0, 1
2.298214125000000, 1, 1, 1, 1, 1, 1, 1, 1
2.302185312500000, 1, 1, 1, 1, 1, 1, 0, 1
2.304191000000000, 1, 1, 1, 1, 1, 1, 1, 1
2.306171062500000, 1, 1, 1, 1, 1, 1, 0, 1
2.308179062500000, 1, 1, 1, 1, 1, 1, 1, 1
2.316136812500000, 1, 1, 1, 1, 1, 1, 0, 1
2.320134500000000, 1, 1, 1, 1, 1, 1, 1, 1
2.322113812500000, 1, 1, 1, 1, 1, 1, 0, 1
2.324120250000000, 1, 1, 1, 1, 1, 1, 1, 1
2.326098250000000, 1, 1, 1, 1, 1, 1, 0, 1
2.328108625000000, 1, 1, 1, 1, 1, 1, 1, 1
2.332079312500000, 1, 1, 1, 1, 1, 1, 0, 1
2.336078562500000, 1, 1, 1, 1, 1, 1, 1, 1
2.338056687500000, 1, 1, 1, 1, 1, 1, 0, 1
2.340063375000000, 1, 1, 1, 1, 1, 1, 1, 1
2.355993062500000, 1, 1, 1, 1, 1, 1, 0, 1
2.358000687500000, 1, 1, 1, 1, 1, 1, 1, 1
2.359980750000000, 1, 1, 1, 1, 1, 1, 0, 1
2.363978437500000, 1, 1, 1, 1, 1, 1, 1, 1
2.369943375000000, 1, 1, 1, 1, 1, 1, 0, 1
2.373943562500000, 1, 1, 1, 1, 1, 1, 1, 1
2.381900187500000, 1, 1, 1, 1, 1, 1, 0, 1
2.383908437500000, 1, 1, 1, 1, 1, 1, 1, 1
2.399838875000000, 1, 1, 1, 1, 1, 1, 0, 1
2.401844000000000, 1, 1, 1, 1, 1, 1, 1, 1
2.657658562500000, 1, 1, 1, 1, 1, 1, 0, 1
2.659660937500000, 1, 1, 1, 1, 1, 1, 1, 1
2.675567562500000, 1, 1, 1, 1, 1, 1, 0, 1
2.677581125000000, 1, 1, 1, 1, 1, 1, 1, 1
2.679555812500000, 1, 1, 1, 1, 1, 1, 0, 1
2.681562062500000, 1, 1, 1, 1, 1, 1, 1, 1
2.691493875000000, 1, 1, 1, 1, 1, 1, 0, 1
2.693494562500000, 1, 1, 1, 1, 1, 1, 1, 1
2.695476125000000, 1, 1, 1, 1, 1, 1, 0, 1
2.699474000000000, 1, 1, 1, 1, 1, 1, 1, 1
2.701443937500000, 1, 1, 1, 1, 1, 1, 0, 1
2.703453000000000, 1, 1, 1, 1, 1, 1, 1, 1
2.719354000000000, 1, 1, 1, 1, 1, 1, 0, 1
2.721366812500000, 1, 1, 1, 1, 1, 1, 1, 1
2.723339375000000, 1, 1, 1, 1, 1, 1, 0, 1
2.727329250000000, 1, 1, 1, 1, 1, 1, 1, 1
2.731299000000000, 1, 1, 1, 1, 1, 1, 0, 1
2.733300187500000, 1, 1, 1, 1, 1, 1, 1, 1
2.735279687500000, 1, 1, 1, 1, 1, 1, 0, 1
2.737280750000000, 1, 1, 1, 1, 1, 1, 1, 1
2.739261437500000, 1, 1, 1, 1, 1, 1, 0, 1
2.743259000000000, 1, 1, 1, 1, 1, 1, 1, 1
2.745229812500000, 1, 1, 1, 1, 1, 1, 0, 1
2.749222437500000, 1, 1, 1, 1, 1, 1, 1, 1
2.751202000000000, 1, 1, 1, 1, 1, 1, 0, 1
2.753202250000000, 1, 1, 1, 1, 1, 1, 1, 1
2.755182187500000, 1, 1, 1, 1, 1, 1, 0, 1
2.757182875000000, 1, 1, 1, 1, 1, 1, 1, 1
2.761154375000000, 1, 1, 1, 1, 1, 1, 0, 1
2.765151437500000, 1, 1, 1, 1, 1, 1, 1, 1
2.767122875000000, 1, 1, 1, 1, 1, 1, 0, 1
2.769124437500000, 1, 1, 1, 1, 1, 1, 1, 1
2.779067687500000, 1, 1, 1, 1, 1, 1, 0, 1
2.781065937500000, 1, 1, 1, 1, 1, 1, 1, 1
2.783047375000000, 1, 1, 1, 1, 1, 1, 0, 1
2.787044625000000, 1, 1, 1, 1, 1, 1, 1, 1
2.789018687500000, 1, 1, 1, 1, 1, 1, 0, 1
2.793017687500000, 1, 1, 1, 1, 1, 1, 1, 1
2.810907687500000, 1, 1, 1, 1, 1, 1, 0, 1
2.812910375000000, 1, 1, 1, 1, 1, 1, 1, 1
2.822850500000000, 1, 1, 1, 1, 1, 1, 0, 1
2.824851937500000, 1, 1, 1, 1, 1, 1, 1, 1
2.867437375000000, 1, 1, 1, 1, 1, 1, 0, 1
2.869443562500000, 1, 1, 1, 1, 1, 1, 1, 1
2.879394250000000, 1, 1, 1, 1, 1, 1, 0, 1
2.881399937500000, 1, 1, 1, 1, 1, 1, 1, 1
2.889358562500000, 1, 1, 1, 1, 1, 1, 0, 1
2.893357437500000, 1, 1, 1, 1, 1, 1, 1, 1
2.905301250000000, 1, 1, 1, 1, 1, 1, 0, 1
2.909301812500000, 1, 1, 1, 1, 1, 1, 1, 1
2.911279562500000, 1, 1, 1, 1, 1, 1, 0, 1
2.913286625000000, 1, 1, 1, 1, 1, 1, 1, 1
2.929217875000000, 1, 1, 1, 1, 1, 1, 0, 1
2.931223687500000, 1, 1, 1, 1, 1, 1, 1, 1
2.933201437500000, 1, 1, 1, 1, 1, 1, 0, 1
2.937204812500000, 1, 1, 1, 1, 1, 1, 1, 1
2.941175312500000, 1, 1, 1, 1, 1, 1, 0, 1
2.943180687500000, 1, 1, 1, 1, 1, 1, 1, 1
2.945162687500000, 1, 1, 1, 1, 1, 1, 0, 1
2.947168750000000, 1, 1, 1, 1, 1, 1, 1, 1
2.955125687500000, 1, 1, 1, 1, 1, 1, 0, 1
2.959125812500000, 1, 1, 1, 1, 1, 1, 1, 1
2.961102875000000, 1, 1, 1, 1, 1, 1, 0, 1
2.963110000000000, 1, 1, 1, 1, 1, 1, 1, 1
2.965091375000000, 1, 1, 1, 1, 1, 1, 0, 1
2.967096500000000, 1, 1, 1, 1, 1, 1, 1, 1
2.971069937500000, 1, 1, 1, 1, 1, 1, 0, 1
2.975070750000000, 1, 1, 1, 1, 1, 1, 1, 1
2.977048250000000, 1, 1, 1, 1, 1, 1, 0, 1
2.979057250000000, 1, 1, 1, 1, 1, 1, 1, 1
2.994983562500000, 1, 1, 1, 1, 1, 1, 0, 1
2.996993312500000, 1, 1, 1, 1, 1, 1, 1, 1
2.998968687500000, 1, 1, 1, 1, 1, 1, 0, 1
3.002969062500000, 1, 1, 1, 1, 1, 1, 1, 1
3.008934375000000, 1, 1, 1, 1, 1, 1, 0, 1
3.012933062500000, 1, 1, 1, 1, 1, 1, 1, 1
3.020893375000000, 1, 1, 1, 1, 1, 1, 0, 1
3.022899000000000, 1, 1, 1, 1, 1, 1, 1, 1
3.038831062500000, 1, 1, 1, 1, 1, 1, 0, 1
3.040836687500000, 1, 1, 1, 1, 1, 1, 1, 1
3.300635875000000, 1, 1, 1, 1, 1, 1, 0, 1
3.302632250000000, 1, 1, 1, 1, 1, 1, 1, 1
3.318538375000000, 1, 1, 1, 1, 1, 1, 0, 1
3.320554312500000, 1, 1, 1, 1, 1, 1, 1, 1
3.322525500000000, 1, 1, 1, 1, 1, 1, 0, 1
3.324525312500000, 1, 1, 1, 1, 1, 1, 1, 1
3.334465562500000, 1, 1, 1, 1, 1, 1, 0, 1
3.336466375000000, 1, 1, 1, 1, 1, 1, 1, 1
3.338447312500000, 1, 1, 1, 1, 1, 1, 0, 1
3.342445437500000, 1, 1, 1, 1, 1, 1, 1, 1
3.344415375000000, 1, 1, 1, 1, 1, 1, 0, 1
3.346417812500000, 1, 1, 1, 1, 1, 1, 1, 1
3.362324625000000, 1, 1, 1, 1, 1, 1, 0, 1
3.364344750000000, 1, 1, 1, 1, 1, 1, 1, 1
3.366308437500000, 1, 1, 1, 1, 1, 1, 0, 1
3.370300875000000, 1, 1, 1, 1, 1, 1, 1, 1
3.374270437500000, 1, 1, 1, 1, 1, 1, 0, 1
3.376270937500000, 1, 1, 1, 1, 1, 1, 1, 1
3.378251187500000, 1, 1, 1, 1, 1, 1, 0, 1
3.380251812500000, 1, 1, 1, 1, 1, 1, 1, 1
3.382233000000000, 1, 1, 1, 1, 1, 1, 0, 1
3.386230625000000, 1, 1, 1, 1, 1, 1, 1, 1
3.388201062500000, 1, 1, 1, 1, 1, 1, 0, 1
3.392193312500000, 1, 1, 1, 1, 1, 1, 1, 1
3.394173312500000, 1, 1, 1, 1, 1, 1, 0, 1
3.396174750000000, 1, 1, 1, 1, 1, 1, 1, 1
3.398153437500000, 1, 1, 1, 1, 1, 1, 0, 1
3.400154000000000, 1, 1, 1, 1, 1, 1, 1, 1
3.404125937500000, 1, 1, 1, 1, 1, 1, 0, 1
3.408122937500000, 1, 1, 1, 1, 1, 1, 1, 1
3.410093687500000, 1, 1, 1, 1, 1, 1, 0, 1
3.412096500000000, 1, 1, 1, 1, 1, 1, 1, 1
3.422036500000000, 1, 1, 1, 1, 1, 1, 0, 1
3.424037437500000, 1, 1, 1, 1, 1, 1, 1, 1
3.426018875000000, 1, 1, 1, 1, 1, 1, 0, 1
3.430016312500000, 1, 1, 1, 1, 1, 1, 1, 1
3.431995375000000, 1, 1, 1, 1, 1, 1, 0, 1
3.435979937500000, 1, 1, 1, 1, 1, 1, 1, 1
3.453879375000000, 1, 1, 1, 1, 1, 1, 0, 1
3.455881500000000, 1, 1, 1, 1, 1, 1, 1, 1
3.465822125000000, 1, 1, 1, 1, 1, 1, 0, 1
3.467822750000000, 1, 1, 1, 1, 1, 1, 1, 1
3.517258562500000, 1, 1, 1, 1, 1, 1, 0, 1
3.519267000000000, 1, 1, 1, 1, 1, 1, 1, 1
3.529217750000000, 1, 1, 1, 1, 1, 1, 0, 1
3.531223812500000, 1, 1, 1, 1, 1, 1, 1, 1
3.539181187500000, 1, 1, 1, 1, 1, 1, 0, 1
3.543180312500000, 1, 1, 1, 1, 1, 1, 1, 1
3.555124437500000, 1, 1, 1, 1, 1, 1, 0, 1
3.559126312500000, 1, 1, 1, 1, 1, 1, 1, 1
3.561102750000000, 1, 1, 1, 1, 1, 1, 0, 1
3.563110062500000, 1, 1, 1, 1, 1, 1, 1, 1
3.579040750000000, 1, 1, 1, 1, 1, 1, 0, 1
3.581046625000000, 1, 1, 1, 1, 1, 1, 1, 1
3.583024812500000, 1, 1, 1, 1, 1, 1, 0, 1
3.587026750000000, 1, 1, 1, 1, 1, 1, 1, 1
3.590996375000000, 1, 1, 1, 1, 1, 1, 0, 1
3.593005875000000, 1, 1, 1, 1, 1, 1, 1, 1
3.594982687500000, 1, 1, 1, 1, 1, 1, 0, 1
3.596993000000000, 1, 1, 1, 1, 1, 1, 1, 1
3.604949500000000, 1, 1, 1, 1, 1, 1, 0, 1
3.608949187500000, 1, 1, 1, 1, 1, 1, 1, 1
3.610926375000000, 1, 1, 1, 1, 1, 1, 0, 1
3.612933500000000, 1, 1, 1, 1, 1, 1, 1, 1
3.614911625000000, 1, 1, 1, 1, 1, 1, 0, 1
3.616919750000000, 1, 1, 1, 1, 1, 1, 1, 1
3.620891375000000, 1, 1, 1, 1, 1, 1, 0, 1
3.624890812500000, 1, 1, 1, 1, 1, 1, 1, 1
3.626870375000000, 1, 1, 1, 1, 1, 1, 0, 1
3.628878437500000, 1, 1, 1, 1, 1, 1, 1, 1
3.644808250000000, 1, 1, 1, 1, 1, 1, 0, 1
3.646814687500000, 1, 1, 1, 1, 1, 1, 1, 1
3.648791875000000, 1, 1, 1, 1, 1, 1, 0, 1
3.652793750000000, 1, 1, 1, 1, 1, 1, 1, 1
3.658757187500000, 1, 1, 1, 1, 1, 1, 0, 1
3.662757062500000, 1, 1, 1, 1, 1, 1, 1, 1
3.670714687500000, 1, 1, 1, 1, 1, 1, 0, 1
3.672721437500000, 1, 1, 1, 1, 1, 1, 1, 1
3.688650937500000, 1, 1, 1, 1, 1, 1, 0, 1
3.690657812500000, 1, 1, 1, 1, 1, 1, 1, 1
3.942486437500000, 1, 1, 1, 1, 1, 1, 0, 1
3.944489312500000, 1, 1, 1, 1, 1, 1, 1, 1
3.960395437500000, 1, 1, 1, 1, 1, 1, 0, 1
3.962408812500000, 1, 1, 1, 1, 1, 1, 1, 1
3.964379687500000, 1, 1, 1, 1, 1, 1, 0, 1
3.966382500000000, 1, 1, 1, 1, 1, 1, 1, 1
3.976322250000000, 1, 1, 1, 1, 1, 1, 0, 1
3.978324000000000, 1, 1, 1, 1, 1, 1, 1, 1
3.980304312500000, 1, 1, 1, 1, 1, 1, 0, 1
3.984302312500000, 1, 1, 1, 1, 1, 1, 1, 1
3.986272250000000, 1, 1, 1, 1, 1, 1, 0, 1
3.988274875000000, 1, 1, 1, 1, 1, 1, 1, 1
4.004180812500000, 1, 1, 1, 1, 1, 1, 0, 1
4.006195250000000, 1, 1, 1, 1, 1, 1, 1, 1
4.008164874999999, 1, 1, 1, 1, 1, 1, 0, 1
4.012158187500000, 1, 1, 1, 1, 1, 1, 1, 1
4.016128375000000, 1, 1, 1, 1, 1, 1, 0, 1
4.018128187499999, 1, 1, 1, 1, 1, 1, 1, 1
4.020107875000000, 1, 1, 1, 1, 1, 1, 0, 1
4.022108812500000, 1, 1, 1, 1, 1, 1, 1, 1
4.024090062500000, 1, 1, 1, 1, 1, 1, 0, 1
4.028087812500000, 1, 1, 1, 1, 1, 1, 1, 1
4.030058625000000, 1, 1, 1, 1, 1, 1, 0, 1
4.034050625000000, 1, 1, 1, 1, 1, 1, 1, 1
4.036031250000000, 1, 1, 1, 1, 1, 1, 0, 1
4.038036125000000, 1, 1, 1, 1, 1, 1, 1, 1
4.040010625000000, 1, 1, 1, 1, 1, 1, 0, 1
4.042011437500000, 1, 1, 1, 1, 1, 1, 1, 1
4.045990000000000, 1, 1, 1, 1, 1, 1, 0, 1
4.049980250000000, 1, 1, 1, 1, 1, 1, 1, 1
4.051956312500000, 1, 1, 1, 1, 1, 1, 0, 1
4.053953062500000, 1, 1, 1, 1, 1, 1, 1, 1
4.063893375000000, 1, 1, 1, 1, 1, 1, 0, 1
4.065900750000000, 1, 1, 1, 1, 1, 1, 1, 1
4.067875750000000, 1, 1, 1, 1, 1, 1, 0, 1
4.071873687500000, 1, 1, 1, 1, 1, 1, 1, 1
4.073844000000000, 1, 1, 1, 1, 1, 1, 0, 1
4.077836312500000, 1, 1, 1, 1, 1, 1, 1, 1
4.095736687500000, 1, 1, 1, 1, 1, 1, 0, 1
4.097738437499999, 1, 1, 1, 1, 1, 1, 1, 1
4.107679375000000, 1, 1, 1, 1, 1, 1, 0, 1
4.109680750000000, 1, 1, 1, 1, 1, 1, 1, 1
4.156046062500000, 1, 1, 1, 1, 1, 1, 0, 1
4.158052562500000, 1, 1, 1, 1, 1, 1, 1, 1
4.168003437499999, 1, 1, 1, 1, 1, 1, 0, 1
4.170009875000000, 1, 1, 1, 1, 1, 1, 1, 1
4.177967812499999, 1, 1, 1, 1, 1, 1, 0, 1
4.181967999999999, 1, 1, 1, 1, 1, 1, 1, 1
4.193910937500000, 1, 1, 1, 1, 1, 1, 0, 1
4.197912125000000, 1, 1, 1, 1, 1, 1, 1, 1
4.199890125000000, 1, 1, 1, 1, 1, 1, 0, 1
4.201896625000000, 1, 1, 1, 1, 1, 1, 1, 1
4.217825687500000, 1, 1, 1, 1, 1, 1, 0, 1
4.219833500000000, 1, 1, 1, 1, 1, 1, 1, 1
4.221812000000000, 1, 1, 1, 1, 1, 1, 0, 1
4.225814437500000, 1, 1, 1, 1, 1, 1, 1, 1
4.229783875000000, 1, 1, 1, 1, 1, 1, 0, 1
4.231790999999999, 1, 1, 1, 1, 1, 1, 1, 1
4.233770437500000, 1, 1, 1, 1, 1, 1, 0, 1
4.235779812500000, 1, 1, 1, 1, 1, 1, 1, 1
4.243735312500000, 1, 1, 1, 1, 1, 1, 0, 1
4.247734125000000, 1, 1, 1, 1, 1, 1, 1, 1
4.249713499999999, 1, 1, 1, 1, 1, 1, 0, 1
4.251720500000000, 1, 1, 1, 1, 1, 1, 1, 1
4.253698875000000, 1, 1, 1, 1, 1, 1, 0, 1
4.255707624999999, 1, 1, 1, 1, 1, 1, 1, 1
4.259677312500000, 1, 1, 1, 1, 1, 1, 0, 1
4.263680812500000, 1, 1, 1, 1, 1, 1, 1, 1
4.265657875000000, 1, 1, 1, 1, 1, 1, 0, 1
4.267664375000000, 1, 1, 1, 1, 1, 1, 1, 1
4.283593875000000, 1, 1, 1, 1, 1, 1, 0, 1
4.285600437499999, 1, 1, 1, 1, 1, 1, 1, 1
4.287579000000000, 1, 1, 1, 1, 1, 1, 0, 1
4.291581000000000, 1, 1, 1, 1, 1, 1, 1, 1
4.297545125000000, 1, 1, 1, 1, 1, 1, 0, 1
4.301543750000000, 1, 1, 1, 1, 1, 1, 1, 1
4.309501000000000, 1, 1, 1, 1, 1, 1, 0, 1
4.311509000000000, 1, 1, 1, 1, 1, 1, 1, 1
4.327439375000000, 1, 1, 1, 1, 1, 1, 0, 1
4.329444562500000, 1, 1, 1, 1, 1, 1, 1, 1
4.583277312500000, 1, 1, 1, 1, 1, 1, 0, 1
4.585278812499999, 1, 1, 1, 1, 1, 1, 1, 1
4.601185750000000, 1, 1, 1, 1, 1, 1, 0, 1
4.603198687500000, 1, 1, 1, 1, 1, 1, 1, 1
4.605169812500000, 1, 1, 1, 1, 1, 1, 0, 1
4.607171187500000, 1, 1, 1, 1, 1, 1, 1, 1
4.617112437499999, 1, 1, 1, 1, 1, 1, 0, 1
4.619112875000000, 1, 1, 1, 1, 1, 1, 1, 1
4.621094437500000, 1, 1, 1, 1, 1, 1, 0, 1
4.625091312499999, 1, 1, 1, 1, 1, 1, 1, 1
4.627062312500000, 1, 1, 1, 1, 1, 1, 0, 1
4.629065062500000, 1, 1, 1, 1, 1, 1, 1, 1
4.644972999999999, 1, 1, 1, 1, 1, 1, 0, 1
4.646985187499999, 1, 1, 1, 1, 1, 1, 1, 1
4.648955187499999, 1, 1, 1, 1, 1, 1, 0, 1
4.652946937499999, 1, 1, 1, 1, 1, 1, 1, 1
4.656918187500000, 1, 1, 1, 1, 1, 1, 0, 1
4.658918437500000, 1, 1, 1, 1, 1, 1, 1, 1
4.660898250000000, 1, 1, 1, 1, 1, 1, 0, 1
4.662898562500000, 1, 1, 1, 1, 1, 1, 1, 1
4.664880062500000, 1, 1, 1, 1, 1, 1, 0, 1
4.668887874999999, 1, 1, 1, 1, 1, 1, 1, 1
4.670847875000000, 1, 1, 1, 1, 1, 1, 0, 1
4.674844375000000, 1, 1, 1, 1, 1, 1, 1, 1
4.676826937500000, 1, 1, 1, 1, 1, 1, 0, 1
4.678821000000000, 1, 1, 1, 1, 1, 1, 1, 1
4.680800437499999, 1, 1, 1, 1, 1, 1, 0, 1
4.682801875000000, 1, 1, 1, 1, 1, 1, 1, 1
4.686772749999999, 1, 1, 1, 1, 1, 1, 0, 1
4.690770250000000, 1, 1, 1, 1, 1, 1, 1, 1
4.692741125000000, 1, 1, 1, 1, 1, 1, 0, 1
4.694742875000000, 1, 1, 1, 1, 1, 1, 1, 1
4.704692000000000, 1, 1, 1, 1, 1, 1, 0, 1
4.706684249999999, 1, 1, 1, 1, 1, 1, 1, 1
4.708666312500000, 1, 1, 1, 1, 1, 1, 0, 1
4.712663624999999, 1, 1, 1, 1, 1, 1, 1, 1
4.714633937499999, 1, 1, 1, 1, 1, 1, 0, 1
4.718625937500000, 1, 1, 1, 1, 1, 1, 1, 1
4.736526312500000, 1, 1, 1, 1, 1, 1, 0, 1
4.738529000000000, 1, 1, 1, 1, 1, 1, 1, 1
4.748475000000000, 1, 1, 1, 1, 1, 1, 0, 1
4.750473562500000, 1, 1, 1, 1, 1, 1, 1, 1
4.794832875000000, 1, 1, 1, 1, 1, 1, 0, 1
4.796837875000000, 1, 1, 1, 1, 1, 1, 1, 1
4.806787625000000, 1, 1, 1, 1, 1, 1, 0, 1
4.808795500000000, 1, 1, 1, 1, 1, 1, 1, 1
4.816754187500000, 1, 1, 1, 1, 1, 1, 0, 1
4.820752687500000, 1, 1, 1, 1, 1, 1, 1, 1
4.832696500000000, 1, 1, 1, 1, 1, 1, 0, 1
4.836697312500000, 1, 1, 1, 1, 1, 1, 1, 1
4.838674500000000, 1, 1, 1, 1, 1, 1, 0, 1
4.840682125000000, 1, 1, 1, 1, 1, 1, 1, 1
4.856612250000000, 1, 1, 1, 1, 1, 1, 0, 1
4.858618750000000, 1, 1, 1, 1, 1, 1, 1, 1
4.860597687499999, 1, 1, 1, 1, 1, 1, 0, 1
4.864597062500000, 1, 1, 1, 1, 1, 1, 1, 1
4.868568750000000, 1, 1, 1, 1, 1, 1, 0, 1
4.870575875000000, 1, 1, 1, 1, 1, 1, 1, 1
4.872554875000000, 1, 1, 1, 1, 1, 1, 0, 1
4.874562187500000, 1, 1, 1, 1, 1, 1, 1, 1
4.882522375000000, 1, 1, 1, 1, 1, 1, 0, 1
4.886519499999999, 1, 1, 1, 1, 1, 1, 1, 1
4.888498187500000, 1, 1, 1, 1, 1, 1, 0, 1
4.890506750000000, 1, 1, 1, 1, 1, 1, 1, 1
4.892484375000000, 1, 1, 1, 1, 1, 1, 0, 1
4.894494187499999, 1, 1, 1, 1, 1, 1, 1, 1
4.898462562500000, 1, 1, 1, 1, 1, 1, 0, 1
4.902462874999999, 1, 1, 1, 1, 1, 1, 1, 1
4.904444625000000, 1, 1, 1, 1, 1, 1, 0, 1
4.906450812500000, 1, 1, 1, 1, 1, 1, 1, 1
4.922378187500000, 1, 1, 1, 1, 1, 1, 0, 1
4.924385562499999, 1, 1, 1, 1, 1, 1, 1, 1
4.926366124999999, 1, 1, 1, 1, 1, 1, 0, 1
4.930366625000000, 1, 1, 1, 1, 1, 1, 1, 1
4.936329062500000, 1, 1, 1, 1, 1, 1, 0, 1
4.940329437500000, 1, 1, 1, 1, 1, 1, 1, 1
4.948286000000000, 1, 1, 1, 1, 1, 1, 0, 1
4.950295000000000, 1, 1, 1, 1, 1, 1, 1, 1
4.966223312499999, 1, 1, 1, 1, 1, 1, 0, 1
4.968230375000000, 1, 1, 1, 1, 1, 1, 1, 1
5.226033312499999, 1, 1, 1, 1, 1, 1, 0, 1
5.228035250000000, 1, 1, 1, 1, 1, 1, 1, 1
5.243942562500000, 1, 1, 1, 1, 1, 1, 0, 1
5.245955937500000, 1, 1, 1, 1, 1, 1, 1, 1
5.247926375000000, 1, 1, 1, 1, 1, 1, 0, 1
5.249928375000000, 1, 1, 1, 1, 1, 1, 1, 1
5.259869000000000, 1, 1, 1, 1, 1, 1, 0, 1
5.261869437500000, 1, 1, 1, 1, 1, 1, 1, 1
5.263850875000000, 1, 1, 1, 1, 1, 1, 0, 1
5.267848062500000, 1, 1, 1, 1, 1, 1, 1, 1
5.269819249999999, 1, 1, 1, 1, 1, 1, 0, 1
5.271821125000000, 1, 1, 1, 1, 1, 1, 1, 1
5.287727312499999, 1, 1, 1, 1, 1, 1, 0, 1
5.289741562500000, 1, 1, 1, 1, 1, 1, 1, 1
5.291711625000000, 1, 1, 1, 1, 1, 1, 0, 1
5.295704187500000, 1, 1, 1, 1, 1, 1, 1, 1
5.299674125000000, 1, 1, 1, 1, 1, 1, 0, 1
5.301674999999999, 1, 1, 1, 1, 1, 1, 1, 1
5.303654750000000, 1, 1, 1, 1, 1, 1, 0, 1
5.305655812500000, 1, 1, 1, 1, 1, 1, 1, 1
5.307636437499999, 1, 1, 1, 1, 1, 1, 0, 1
5.311634000000000, 1, 1, 1, 1, 1, 1, 1, 1
5.313605125000000, 1, 1, 1, 1, 1, 1, 0, 1
5.317605125000000, 1, 1, 1, 1, 1, 1, 1, 1
5.319577124999999, 1, 1, 1, 1, 1, 1, 0, 1
5.321577250000000, 1, 1, 1, 1, 1, 1, 1, 1
5.323557249999999, 1, 1, 1, 1, 1, 1, 0, 1
5.325557500000000, 1, 1, 1, 1, 1, 1, 1, 1
5.329529312500000, 1, 1, 1, 1, 1, 1, 0, 1
5.333527125000000, 1, 1, 1, 1, 1, 1, 1, 1
5.335497500000000, 1, 1, 1, 1, 1, 1, 0, 1
5.337499187500000, 1, 1, 1, 1, 1, 1, 1, 1
5.347449999999999, 1, 1, 1, 1, 1, 1, 0, 1
5.349441750000000, 1, 1, 1, 1, 1, 1, 1, 1
5.351422250000000, 1, 1, 1, 1, 1, 1, 0, 1
5.355419749999999, 1, 1, 1, 1, 1, 1, 1, 1
5.357398562499999, 1, 1, 1, 1, 1, 1, 0, 1
5.361382874999999, 1, 1, 1, 1, 1, 1, 1, 1
5.379282625000000, 1, 1, 1, 1, 1, 1, 0, 1
5.381284562499999, 1, 1, 1, 1, 1, 1, 1, 1
5.391225749999999, 1, 1, 1, 1, 1, 1, 0, 1
5.393226750000000, 1, 1, 1, 1, 1, 1, 1, 1
5.442200562500000, 1, 1, 1, 1, 1, 1, 0, 1
5.444208375000000, 1, 1, 1, 1, 1, 1, 1, 1
5.454158500000000, 1, 1, 1, 1, 1, 1, 0, 1
5.456167375000000, 1, 1, 1, 1, 1, 1, 1, 1
5.464125687500000, 1, 1, 1, 1, 1, 1, 0, 1
5.468123187500000, 1, 1, 1, 1, 1, 1, 1, 1
5.480067875000000, 1, 1, 1, 1, 1, 1, 0, 1
5.484066125000000, 1, 1, 1, 1, 1, 1, 1, 1
5.486045937500000, 1, 1, 1, 1, 1, 1, 0, 1
5.488051875000000, 1, 1, 1, 1, 1, 1, 1, 1
5.503981125000000, 1, 1, 1, 1, 1, 1, 0, 1
5.505988250000000, 1, 1, 1, 1, 1, 1, 1, 1
5.507967375000000, 1, 1, 1, 1, 1, 1, 0, 1
5.511967562500000, 1, 1, 1, 1, 1, 1, 1, 1
5.515938937500000, 1, 1, 1, 1, 1, 1, 0, 1
5.517946625000000, 1, 1, 1, 1, 1, 1, 1, 1
5.517946687499999, 1, 1, 1, 1, 1, 1, 0, 1
5.517946750000000, 1, 1, 1, 1, 1, 1, 1, 1
5.519924812499999, 1, 1, 1, 1, 1, 1, 0, 1
5.521934937499999, 1, 1, 1, 1, 1, 1, 1, 1
